Player,KDA
Zaidster7,3.7873333333333337
l 0cty l,2.055843520782396
